{"cameraMode":{"drawMode":0,"name":"Shaded","section":"Shading Mode"},"sceneLighting":true,"audioPlay":false,"sceneViewState":{"showFog":true,"showMaterialUpdate":true,"showSkybox":true,"showFlares":true,"showImageEffects":true,"showParticleSystems":true},"in2DMode":false,"pivot":{"x":0.5250879526138306,"y":-25.726119995117189,"z":-53.14097595214844},"rotation":{"x":-0.0004870583361480385,"y":-0.9781713485717773,"z":0.20787596702575684,"w":-0.00233712000772357},"size":34.77526092529297,"orthographic":false}